{
  "Rule-Based": {
    "accuracy": 0.48333333333333334,
    "macro_precision": 0.5338343409464099,
    "macro_recall": 0.4512125988606825,
    "macro_f1": 0.4369372971399163,
    "per_label": {
      "positive": {
        "precision": 0.4062,
        "recall": 0.3170731707317073,
        "f1": 0.3561643835616438,
        "support": 82
      },
      "neutral": {
        "precision": 0.468,
        "recall": 0.7916666666666666,
        "f1": 0.5882352941176471,
        "support": 120
      },
      "negative": {
        "precision": 0.7273,
        "recall": 0.24489795918367346,
        "f1": 0.366412213740458,
        "support": 98
      }
    },
    "confusion_matrix": [
      [
        26,
        52,
        4
      ],
      [
        20,
        95,
        5
      ],
      [
        18,
        56,
        24
      ]
    ],
    "confusion_labels": [
      "Positive",
      "Neutral",
      "Negative"
    ]
  },
  "VADER": {
    "accuracy": 0.46,
    "macro_precision": 0.4667349345249178,
    "macro_recall": 0.455602566229744,
    "macro_f1": 0.43874591966371185,
    "per_label": {
      "positive": {
        "precision": 0.3659,
        "recall": 0.5487804878048781,
        "f1": 0.43902439024390244,
        "support": 82
      },
      "neutral": {
        "precision": 0.5344,
        "recall": 0.5833333333333334,
        "f1": 0.5577689243027888,
        "support": 120
      },
      "negative": {
        "precision": 0.5,
        "recall": 0.23469387755102042,
        "f1": 0.3194444444444444,
        "support": 98
      }
    },
    "confusion_matrix": [
      [
        45,
        27,
        10
      ],
      [
        37,
        70,
        13
      ],
      [
        41,
        34,
        23
      ]
    ],
    "confusion_labels": [
      "Positive",
      "Neutral",
      "Negative"
    ]
  },
  "RoBERTa": {
    "accuracy": 0.63,
    "macro_precision": 0.633389009269291,
    "macro_recall": 0.6178474641889277,
    "macro_f1": 0.6212249723700105,
    "per_label": {
      "positive": {
        "precision": 0.5625,
        "recall": 0.5487804878048781,
        "f1": 0.5555555555555556,
        "support": 82
      },
      "neutral": {
        "precision": 0.6197,
        "recall": 0.7333333333333333,
        "f1": 0.6717557251908397,
        "support": 120
      },
      "negative": {
        "precision": 0.7179,
        "recall": 0.5714285714285714,
        "f1": 0.6363636363636364,
        "support": 98
      }
    },
    "confusion_matrix": [
      [
        45,
        26,
        11
      ],
      [
        21,
        88,
        11
      ],
      [
        14,
        28,
        56
      ]
    ],
    "confusion_labels": [
      "Positive",
      "Neutral",
      "Negative"
    ]
  },
  "DistilBERT": {
    "accuracy": 0.6033333333333334,
    "macro_precision": 0.5886407859635148,
    "macro_recall": 0.5902757037774459,
    "macro_f1": 0.5886977519853528,
    "per_label": {
      "positive": {
        "precision": 0.4557,
        "recall": 0.43902439024390244,
        "f1": 0.4472049689440994,
        "support": 82
      },
      "neutral": {
        "precision": 0.6991,
        "recall": 0.6583333333333333,
        "f1": 0.6781115879828327,
        "support": 120
      },
      "negative": {
        "precision": 0.6111,
        "recall": 0.673469387755102,
        "f1": 0.6407766990291263,
        "support": 98
      }
    },
    "confusion_matrix": [
      [
        36,
        18,
        28
      ],
      [
        27,
        79,
        14
      ],
      [
        16,
        16,
        66
      ]
    ],
    "confusion_labels": [
      "Positive",
      "Neutral",
      "Negative"
    ],
    "training_details": {
      "strategy": "Full fine-tune DistilBERT, like-weighted samples (1+log2(1+likes))",
      "best_lr": "5e-5",
      "epochs": 15,
      "batch_size": 16,
      "weight_decay": 0.1,
      "sample_weight_fn": "1 + log2(1 + comment_like_count), capped at 10",
      "cross_val_accuracy_5fold": "60.33%",
      "cross_val_std_5fold": "6.62%"
    }
  },